-0.103293910985072,-0.301551411705437,-0.312350959976333,-0.201700985332491,-0.193729042185335,-0.27249667197386,-0.197289970677395,-0.404152589260882,-0.272561861133069,-0.33126151757532
0,0,0,0,0,0,0,0,0,0
0,0,0,0,0,0,0,0,0,0
7.93494165715015e-07,-3.20073471550851e-07,-2.551357524534e-07,-1.69887117788833e-07,-1.68647118648958e-07,-1.44133656100205e-07,-2.22420102644704e-07,-3.10887717697036e-07,-2.06356972638735e-07,-1.08019428421622e-07
-7.07913928200615e-06,3.8340392290417e-06,9.03943217081667e-07,2.13353489404168e-06,1.95009818703975e-06,2.25813305086482e-06,2.2153135665791e-07,3.22190327436783e-06,2.97918308480639e-06,1.10713836553395e-06
-7.81436299070707e-06,-1.01718403316042e-06,2.81975883536927e-05,5.92670865666217e-06,2.98095668316644e-06,-9.87481397229456e-06,-6.17157710735803e-06,5.39471883802263e-06,7.12523672168529e-06,3.66975546724528e-06
-6.29123795508729e-05,-0.000147436107604071,9.85656214712886e-05,-0.000154844886303256,-9.33035952255847e-05,-6.00445529520076e-05,0.000445601071492502,-9.18889595052746e-05,-0.000270285605314615,-4.61491587804051e-05
-9.66833934592177e-06,-0.000165919486817991,-0.000225128992907571,-0.000249724178061384,-0.000149166963862453,-0.000117874789917958,0.00066102182199204,-0.000176216869933132,-0.000361154499642867,-9.94902324970413e-05
9.6666134231809e-05,-0.000168883271047323,-0.000240954494651838,-0.00021766940637193,-0.000180737661102034,-0.000183699407345222,0.000295059512006719,-0.000187556795784228,-0.000195275388135717,-0.000168477082947372
-5.42103166793294e-05,-7.75309086202699e-05,-8.86642192195383e-05,-3.95050115321044e-05,-8.48044130164192e-05,-9.41551261315316e-05,2.75050187115632e-05,-6.28965451863272e-05,-0.000125859419178225,-9.94848006306273e-05
-3.12751557690747e-05,-9.80172536035508e-05,-9.3986924038989e-05,0.000276569749139461,-5.98116725795533e-05,-6.54332724135708e-05,-8.77183877819174e-05,-5.52161664729543e-05,-0.000134524847095394,-7.80602498703458e-05
-6.34670518578827e-06,-2.67882444021546e-05,-2.00572928579565e-05,9.89839612576746e-05,-1.37515358128293e-05,-1.40842726253233e-05,-3.12424922398129e-05,-1.37209565469259e-05,-3.24532302546552e-05,-1.32709627166029e-05
7.38352799165791e-06,2.0271785156071e-05,-4.52707496728527e-05,-1.88792125050966e-05,1.54211403889061e-05,1.14856416640219e-05,9.23257960359589e-06,1.15318794210609e-05,1.80177742679947e-05,1.58112028095431e-05
1.49911871832923e-05,3.46708615335169e-05,-0.000161686004001671,2.23321736274926e-05,4.13243584913365e-05,2.09402246559291e-05,1.47907276380784e-05,2.45983702984162e-05,2.13117505264223e-06,3.13298857357316e-05
2.73648220727127e-05,4.46827591925728e-05,-0.000106100475176114,3.76068705275352e-05,-4.5417833422545e-05,4.34281772770067e-05,-1.82577343277582e-05,4.59694225891678e-05,1.3152539312185e-05,5.98504637349796e-05
4.31005124468033e-05,2.73897167892574e-05,-0.000202393012429878,4.63531210399758e-05,-6.54326664928123e-05,6.05405937445701e-05,2.18570141466196e-05,7.30924305283959e-05,4.69041638443414e-05,8.13082968925803e-05
2.61047011990991e-05,1.85175564114425e-05,-0.000236873352499206,2.78475478514089e-05,3.74769801001393e-05,2.52812154155592e-05,2.42907441744013e-05,5.31960299576261e-05,2.69534357810656e-05,3.19285934361947e-05
5.38679859672861e-06,1.8717150583797e-05,-8.47337645421805e-05,8.60482738881656e-06,1.34691776806227e-05,5.67866078643784e-06,7.80365501718384e-06,1.69997084504642e-05,1.19290210378101e-05,9.19455006886345e-06
-4.54587236690607e-08,1.02486983149618e-08,-1.6085529642803e-06,4.76555842562417e-07,1.64128647893741e-07,7.90668546375404e-08,3.30398283004636e-07,3.32862057308102e-07,7.73940144576185e-07,5.36919707520154e-08
-5.48463591070638e-08,-1.67438182856515e-07,9.57149173093043e-07,-1.25650328136025e-07,-1.40853463222675e-07,-6.77968849901479e-08,-1.04055681791491e-07,-1.96674891770583e-07,-1.7750297700645e-07,-9.90340873751224e-08
0,0,0,0,0,0,0,0,0,0
-1.52014031379958e-08,-5.02370087057905e-08,-1.63401846898225e-08,-2.57823239626449e-08,-3.01995047141487e-08,2.33114204553427e-07,-1.46276052215259e-08,-2.2633826291259e-08,-2.25333172379658e-08,-4.11576261288026e-08
1.75351307739322e-07,4.04614262223978e-07,8.58975467191201e-07,4.28495694492058e-07,1.89482627781828e-07,-2.75116222204952e-06,6.80649009294932e-08,1.12141936257752e-07,1.51940861520734e-07,2.39849314038796e-07
-1.00168007470175e-05,5.72735059869053e-06,4.74138694797296e-06,1.98623864117427e-06,1.37523084464354e-06,2.91312494615294e-08,2.34070966519991e-06,3.10388564244505e-06,1.92656408762533e-06,1.80697335986583e-06
9.27309195474338e-05,-3.27079692780051e-05,-0.000107424714261245,-2.77445299650528e-05,4.95938299062992e-06,-9.32013931185955e-06,-1.18018113043172e-05,-1.15940118437206e-05,-4.02910989194487e-06,1.19295343771035e-05
0.00011754590680771,-2.11273739419655e-05,-0.000283597865264745,-7.29172292201639e-05,4.79306961137118e-05,0.000169079828425865,-6.55864356019282e-05,1.36721566538118e-05,2.78744958032069e-05,2.42412084094382e-05
-9.07657260601624e-05,0.0002414485060889,-0.000539396098303927,-0.000425110875106695,-0.000166212248962864,-8.22639802509891e-05,0.000725145228004309,-0.000160094875915968,-0.00045647235211943,-0.000303116652197262
-0.000293489133084407,-0.000732991306705553,-0.0011059258645446,-0.00142233972242273,-0.000810920472994014,-0.00067147014319917,0.00337360045924221,-0.000778900833534237,-0.00151645501580771,-0.000778238175602631
-0.000505875654282068,-0.00130078492126923,-0.00132660528962984,-0.00201298678182831,-0.00146962092468135,-0.00134383210328703,0.00503559201535136,-0.00137029243790707,-0.0021273550215486,-0.0014435730512516
-0.000656209186084767,-0.00095173090582304,-0.00118651225171795,-0.000805677257908871,-0.00115132349630601,-0.000980517746393531,0.00373603985401609,-0.00103922357753529,-0.00198816289463608,-0.00125747444950076
-0.000403485670346232,-0.000567184461723487,-0.000659553283459102,0.000486730007040505,-0.000559159010008228,-0.000472812881222218,0.000993860418962605,-0.00052868756157475,-0.00124519940362494,-0.000320351713392708
-1.52312189171104e-05,-9.97605950259837e-05,-0.000166043412407615,0.000614200049717604,2.06482558156612e-05,6.30584534936927e-05,-0.00019379887786937,2.83076915311758e-05,-0.000401653735131816,-8.66283468165221e-05
6.71015460742465e-05,-0.000205290108105395,0.000683651739878119,-1.18830098180754e-06,1.61038905581674e-05,0.00020896029868931,-6.52326771726519e-05,0.000153393329286315,-4.58129638469004e-05,-0.000294507252438158
4.46309040020614e-05,-0.000903199259100067,0.0015665088912731,-3.54085327188418e-05,-0.00028104442787266,0.000231657416599234,-1.7987969572985e-05,0.000122645193826361,0.00026526231618203,-0.000622607222892314
1.80248760245128e-05,-0.00158722766173728,0.00013681514849187,5.26727982681902e-05,0.000826469298265877,0.000128114356466734,0.000576730074405046,9.98853391792373e-05,0.000253546166177841,-0.000869766329763173
-0.000128743135681282,-0.00150839491407035,0.000697801640416643,-1.78371256426624e-05,0.00114307121973522,-7.04376235643867e-05,0.000179272970317803,-0.000133099642384205,-0.000112403884685629,-0.00091111182470216
-5.33997389122018e-05,-0.000851437618327039,0.00129695683704807,6.62747747847389e-06,-0.000100582756897409,6.83551895243961e-05,-6.34531021401158e-06,-0.00011230175377535,-2.55042118013876e-05,-0.000304437270661118
4.03736983792536e-05,-0.000357334758142986,0.000243410382545002,2.64312149582475e-05,-2.47452030940642e-05,5.42981122612883e-05,8.45976227044919e-07,4.45606967996107e-05,-1.6083592040053e-06,-4.85303342952835e-05
3.19951177167249e-05,3.64836381133485e-06,-0.000266636315838133,3.61551820890712e-05,2.34573256832483e-05,2.87102858178912e-05,5.22240978794152e-06,8.48989966775923e-05,3.67375166551111e-05,3.61428481699822e-05
8.80928310274808e-06,1.21315472594437e-05,-2.9389091920712e-05,7.92290948360791e-06,9.13436253341974e-06,5.40106726212974e-06,-4.60356713272211e-06,1.35327068155584e-05,-2.15771423555154e-05,5.45621065928714e-06
3.13515439554019e-06,2.48662315787822e-06,5.13292138968373e-06,2.12707901751296e-06,2.35523693002363e-06,2.02099367337984e-06,-4.67568604987587e-07,4.05940454939462e-06,-1.41006141671378e-05,1.46557418663496e-06
1.27021263724241e-07,4.16949250487601e-07,1.3804438315116e-07,1.98534139106652e-07,2.57910046288851e-07,-1.95825792352675e-06,1.23032378745378e-07,1.84793381392147e-07,1.8562841709827e-07,3.52470926374202e-07
-2.36813214416578e-06,6.86371591410685e-07,-8.16920804952691e-06,-3.94855852946244e-06,-2.52441324805811e-06,2.49086917382501e-05,-1.13379278848511e-06,-1.68218591653077e-06,-2.00681464674932e-06,-3.05116522931953e-06
5.57489263509672e-06,-1.42700641895502e-05,-7.38002208908973e-05,1.5032388979144e-05,1.96873570178838e-05,-2.85238989034249e-05,1.30565509583957e-05,1.62649410124939e-05,1.58668153045862e-05,7.35931259401964e-06
0.000108262169959658,-0.000492068596957367,0.00118932002418561,9.41361061406127e-05,-0.000124718328003751,-0.000165939093259216,-0.000127439968013303,-0.000106021745346941,-7.32038220020253e-05,-9.7283787462906e-05
-0.000206278354187173,-0.00108319477097384,0.00462877163192118,0.000672159836675554,-0.00101096267335384,-0.000572445182173365,-0.000599363540451722,-0.000731969405907689,-0.000645047124649919,-0.000626249906874833
-0.00174839061567228,-0.000216907489474317,0.0064131637740056,-0.00100650504539688,-0.00368227634687191,-0.00291052278859601,0.00406077668035893,-0.00319483895335215,-0.00409417962760212,-0.00281444947796865
-0.00288493132874891,-0.00123882983620872,0.00274343319145427,-0.00326560635148956,-0.00579726659671229,-0.00530258157412609,0.0139348235253439,-0.005249932670107,-0.00827998351356112,-0.00565089333602579
-0.00345067811729565,-0.00392883416169839,-0.00296848897037821,-0.00416020093161013,-0.00633522886792586,-0.0062281160121214,0.0241633295489789,-0.00547853345057672,-0.0108101693405901,-0.00820974483080689
-0.00296833246643149,-0.00349183072802764,-0.00462731788920068,-0.00269238172513141,-0.00506483521224107,-0.00518520208908594,0.0209702094146469,-0.00404683405435028,-0.00870744315182684,-0.00823711938617403
-0.00153605895465034,-0.00116204511359086,-0.00245656874734419,-0.000992371618839623,-0.00255469586248541,-0.00354105092678257,0.00955012353134015,-0.00222689344302788,-0.00112570569248695,-0.00625627165099585
-0.00090663242999718,-0.000143514361791682,-0.00190352356601665,0.00229306138234346,-0.00132249875625261,-0.00297629879229556,0.00388253763012836,-0.00155727463121166,0.0004758157380962,-0.0051920470536842
-0.000832806438247684,0.00145008363953208,0.00157657102832284,0.000360437959536211,0.000361708278467931,-0.00261502321908479,0.00216689425237459,-0.00130219780043906,-0.000947259321529402,-0.00460065778282741
-0.00163116481409686,0.00706923580639299,0.0116852793113644,-0.00471077488950672,-0.00135369476649403,-0.00376970856782109,-0.000286216386901251,-0.00321306965017894,-0.00135126916601004,-0.00502819011585002
-0.00367631026228147,0.0138167786318609,0.0250464875568212,-0.00691548391633064,-0.00509911329510893,-0.00681492914410481,-0.00348318153812167,-0.00837977536805104,-0.00304999741851167,-0.00751815699873429
-0.0046237419950066,0.0157294092675391,0.0322375369938839,-0.00675986266872868,-0.00629805685853604,-0.00769074756137453,-0.00484774160766694,-0.0114969545463506,-0.00428917086503205,-0.00852462452729985
-0.00272662044923102,0.00777622863032238,0.0247996889868573,-0.00361690621803547,-0.00615192682612093,-0.00367218778844423,-0.00289032658841151,-0.00810127595688872,-0.00310303289582724,-0.00463773506528547
-0.00110976076347734,0.000414114640281097,0.0114500679799317,-0.00122503426205363,-0.00237455194736916,-0.00091439345265291,-0.0010508876852308,-0.00367592772622385,-0.00148967505174306,-0.00145030270898447
-0.000304683707534115,-2.04090672124518e-05,0.00443115964298055,-0.000454299000209964,-0.000449843269709943,-0.000256771301575909,-0.000558027131195459,-0.00115582368127441,-0.00087378379469742,-0.000358659153479869
-7.81480587926616e-06,5.97580815361255e-07,0.000148382805061745,1.00348363441992e-05,6.37067183137164e-06,6.56688627675838e-06,-0.000319397064463656,1.56145088215863e-05,0.000131121988031189,5.81578344888006e-05
-2.48523893891278e-05,-1.95851036122727e-05,-4.26160054008536e-05,-8.66641489759223e-06,-1.26798669907675e-05,-1.51499077314987e-05,-9.69134129497468e-05,-3.32447513775057e-05,0.000188468972286671,9.17346190182221e-07
5.7669695175461e-07,2.24872374723499e-06,5.99692536177558e-07,1.19318055689248e-06,1.06520006255599e-06,-9.16776804230736e-06,5.82676909834884e-07,8.93621399858958e-07,8.94933332177575e-07,1.50868096822514e-06
2.42313627138049e-06,-3.55518500444476e-05,-5.34783313767737e-05,-1.04280483167791e-05,3.92927845768316e-06,7.56300022636374e-05,4.2200064361923e-06,4.8618883486293e-06,2.22981713331962e-06,4.21839747677124e-06
2.2333142228067e-05,-0.000164088575954879,-0.000100306536542229,-7.57933000090039e-05,8.88254510590801e-06,0.000455273496278961,-2.00312924511294e-05,2.35515281187701e-05,-6.95183074901216e-06,-6.63761520747982e-05
-0.00112997165420572,0.00228472473481375,0.00578357058919746,9.58176349843852e-05,-0.00184770253452784,-4.64851634252569e-05,-0.00113254595815696,-0.00179318076266313,-0.00119366529438906,-0.00168049803556697
-0.00370217501215642,0.00604680303032452,0.0178255811741877,0.00153688068316572,-0.00609829623280748,-0.00398674179760788,-0.00121476472055395,-0.00617315070684211,-0.00471168725329137,-0.00477176983819571
-0.00922523216466643,0.00607396804060833,0.0206822268629014,-0.00323509610106373,-0.0130309892997455,-0.0121644434051357,0.0175223197535044,-0.0139853802208871,-0.0178502837351747,-0.0122942922715547
-0.0138268525067319,0.00267706357986766,0.00689603447210581,-0.00827357059945191,-0.0173346029343228,-0.0187678137628486,0.0456423254934308,-0.0151940637755601,-0.0290571744744305,-0.0207811352159768
-0.0135989973071047,-0.0082346690303405,-0.0126054885199516,-0.00954913348920443,-0.0178320106234414,-0.0207282313560264,0.0563933363331066,-0.00818681207905237,-0.0228776226944304,-0.0247803279939395
-0.0121256555533381,-0.0166375895610858,-0.0193058411019474,-0.00479521346989493,-0.0157489366247824,-0.017743818887338,0.037394941049538,-0.00576261063567768,-0.00609063386577091,-0.0192939094590864
-0.0106935395950864,-0.0234973958214377,-0.0203987775966185,0.00331620285787869,-0.0161550448819744,-0.0135251414074523,0.0140437751012762,-0.011828481471994,0.00474886475687253,-0.00457658915996328
-0.0116162794700009,-0.024259789704062,-0.0224952273760435,0.0167867031426929,-0.0222575452299575,-0.0193812899922791,-0.00420007386930589,-0.0219412804166744,5.07721395304273e-05,0.0173938674902868
-0.0146313569160383,-0.00808333027188633,-0.0203970158785491,0.014789598340561,-0.0230216189055279,-0.0279999937950835,-0.0127226956910627,-0.0280049553943946,-0.0140082298606531,0.0304932735564784
-0.0193415310383747,0.0326530029289559,0.00211667622013216,-0.00749807839966828,-0.0192173599135585,-0.0389302557502346,-0.0201532919147428,-0.0367729731808351,-0.0269895456322537,0.0393434242749125
-0.026127183348737,0.0703808124524255,0.0486379696354136,-0.0299550187609814,-0.0139520154360976,-0.0475305515712949,-0.0311696372067826,-0.0459334450645679,-0.0332067665232447,0.0310055860618746
-0.0276375888469389,0.0768690612735845,0.089810902493889,-0.0370203202132634,-0.0148899461521363,-0.0456999503489731,-0.0331043008481651,-0.0445524498614385,-0.0330875342478372,0.0110233194592928
-0.0195590217935209,0.0459531455688062,0.0820148089667902,-0.0253666879928534,-0.0135890625242649,-0.0284669623522178,-0.0213945300865131,-0.0290581877734425,-0.0231127242831205,0.00336257554032851
-0.007569910679116,0.0107566263535235,0.0453824909260098,-0.00991608233649459,-0.00759456302795732,-0.0102522319153649,-0.007156180693633,-0.0115798751325906,-0.0102683431659232,-0.000882769531417223
-0.00221135647238124,-0.00121131560852242,0.0169346103886008,-0.00303967312965602,-0.00169769844352816,-0.00222284621068545,0.000713731446866843,-0.00524211941046175,-0.0014628734394739,-0.00252721548826169
-0.000745359584667016,-0.00102841796011835,0.000607719278025541,-0.000636442316231487,-0.000835645189607293,-0.000492280443328014,0.00243959650494427,-0.0011788310281292,0.00205436398903737,-0.000783634935874943
-0.000195119683732236,-0.000142990371341898,-0.000295043360654845,-0.000166973743635516,-0.000191902797571265,-0.00013116807614741,0.000596977165687173,-0.000242543824516553,0.000450070256970175,-0.00017023341680925
9.08249581237673e-07,5.13803486239056e-06,8.68319262450927e-07,3.73289359268922e-06,1.32136424708027e-06,-1.60674606439353e-05,1.14297133584435e-06,1.81564887239667e-06,1.97425292311044e-06,2.16847263469917e-06
3.97655164124833e-05,-0.000185829645689229,-0.000105021785916573,2.18804498472013e-05,5.13798767887632e-05,4.09832217340378e-05,3.46929027553934e-05,4.25899375356533e-05,3.29412142397084e-05,5.12624420446921e-05
-0.000359439419946237,0.00154583056342862,-6.92594064165762e-05,-0.000603638204045536,-0.000442537717522705,0.00125970764058304,-0.000231636096877134,-0.000269533999411754,-0.000216079398411018,-0.000457174383206815
-0.00399000302524324,0.0136077658502967,0.0130166529945981,-0.00142466821326356,-0.00570367142331121,-0.00203702390026167,-0.00428448372077355,-0.00618761486211292,-0.0042876931368918,-0.00546250581854759
-0.0123983582259938,0.0233523421648601,0.0412374405389266,-0.000680059478979903,-0.0150637600598621,-0.0131916195963738,-0.00349565883302124,-0.0203072963895803,-0.016975028424203,-0.0161295175592577
-0.0257304445885989,0.0159514266400071,0.0407979340067076,-0.00884482257732975,-0.0230859857008947,-0.0288316029398829,0.0357815460797814,-0.0285353791148166,-0.039950966533548,-0.0301470936733338
-0.0346654068666185,-0.00335353570064099,0.00401695202926781,-0.0191273896228349,-0.0313998742573008,-0.0414680569476756,0.0897611696186182,-0.02184430412761,-0.0516104178324088,-0.0413971716216425
-0.0328390829224802,-0.0363410591331228,-0.0357474312066987,-0.0193332878211983,-0.0313685235497404,-0.0392132086453744,0.0844734500464272,-0.00940859481823665,-0.0235881424583792,-0.0343087992841911
-0.0311114947200918,-0.0665620778143062,-0.0596067832012747,-0.00227635710335046,-0.0249239317117665,-0.0304511001022908,0.030362129829594,-0.0195766857281436,0.0159885331489712,-0.00347732065437798
-0.0339037974427037,-0.0864866812074613,-0.0708116372979029,0.0337033119851622,-0.0288448108014262,-0.0314412668840417,-0.0140650849599108,-0.0458672035880405,0.0237347810928147,0.0349656026237503
-0.0404414834531024,-0.0816366344318112,-0.0759933020670197,0.0826756706888637,-0.0576429784278756,-0.0390123264091932,-0.0479895530625998,-0.0749202295270039,-0.00187864579585187,0.0795293867322892
-0.0469779291198071,-0.023803868043087,-0.0778108933170724,0.0805773880819189,-0.084809181196438,-0.0524794270810654,-0.05968032581906,-0.0909115251988939,-0.0381928617098987,0.110009839122477
-0.0550191126163489,0.0744750983675612,-0.0606351859686734,0.0118380586466549,-0.0563284832981166,-0.073161050138029,-0.0703545065487744,-0.093435531302431,-0.0664607596190061,0.127797641737908
-0.0700206259119282,0.128003422266964,-0.00158021301800054,-0.0565508434682859,0.0192563547773637,-0.0975396060103607,-0.0840754383987056,-0.0865859223498681,-0.0806374483050471,0.109773327393827
-0.0767180879802689,0.130814148724158,0.0822262743987071,-0.0871302816800556,0.052847002778799,-0.106412485795248,-0.0864089589249398,-0.0619471497224702,-0.0844664280849508,0.0645157019403418
-0.0560910823407843,0.089044250130921,0.119173643701981,-0.0727425467368231,0.0271795449412614,-0.0826329357346297,-0.0639710519156666,-0.0225254798779954,-0.0684366011451915,0.0285628451824736
-0.0222467634970186,0.0245515180782512,0.0874686917519038,-0.034578989128717,-0.00212414919231097,-0.0374203281317996,-0.0263480873263793,0.00275750018374381,-0.0343983998436303,0.00564482365578552
-0.00776707336410808,-0.00548234954796254,0.0309794486133005,-0.009449460130262,-0.00413237089295923,-0.00949904461814336,0.0071683516040251,-0.0019433749651364,-0.00200345499836441,-0.00945943515296579
-0.00357110162576388,-0.00481958721049341,-4.09817754546584e-05,-0.00408797596920404,-0.00264703037757055,-0.00260437057915061,0.0179113760312376,-0.00615921272112909,0.00457831617330149,-0.00448770255657682
-0.000727904958100752,-0.000732298396839389,-0.00105557691892678,-0.00110420459070382,-0.00075724708603452,-0.000589571238346057,0.00474907771731835,-0.000903640109293528,-0.000556560307831126,-0.000979115523539212
-1.09409222580183e-05,-0.00011258318159031,-9.5028038348991e-06,-4.71709768812088e-05,-1.13348731610876e-05,0.000261131999677944,-1.91449181714268e-05,-1.89803155770292e-05,-2.33183539486087e-05,-3.13127475971083e-05
3.03851338165174e-05,-0.000420584091656059,-0.000321010090426058,-0.000244518017678414,5.13497415100495e-05,0.00126754279655669,3.31682074272668e-06,1.35708671179384e-05,-2.2159481948716e-05,-8.07557518065491e-06
-0.00149412366112962,0.00808969960793771,-0.000554729501711729,-0.00162937190294036,-0.00183274639699912,0.000353641796091275,-0.0011792359906259,-0.00122817087672102,-0.00101082843414798,-0.00182595892537458
-0.00946697255464866,0.0321144931363061,0.0247862963945699,-0.00265718256464019,-0.00995783119066264,-0.0102745930164906,-0.0104665585643599,-0.0156612899720147,-0.012154586040863,-0.0144765865259168
-0.0305549921594277,0.0503414955037543,0.0750341903944051,-0.00293297622564435,-0.0198375853918881,-0.0340274643104125,-0.0126103114641376,-0.0409770769669761,-0.0406532914702553,-0.0379916994520946
-0.0545670736574592,0.0234650376966804,0.0540438428825479,-0.0119379059705551,-0.026591470162146,-0.0605280051960067,0.049594796597074,-0.0285561900186046,-0.0706466341924947,-0.0558340185163255
-0.0714185962800897,-0.0320684954494537,-0.0325815244872622,-0.0290065055174645,-0.032646774149507,-0.0728001822538594,0.137163329833731,-0.0118337538057855,-0.0724621222051811,-0.0613877844727833
-0.0719985971202952,-0.0961149771310975,-0.103384945206956,-0.0182715182375521,-0.0269491984284574,-0.0606712972956914,0.117087225376052,-0.0140915638486466,-0.0164235353101729,-0.0328929231638695
-0.0712401853712328,-0.146115532975524,-0.134683234947606,0.034115508672735,-0.00673095577297017,-0.0514423927411272,0.0160223166405867,-0.0501716488329037,0.0562962389808046,0.0184160464119463
-0.0804067024274829,-0.166648126082026,-0.13549859910746,0.102207776741499,-0.00899501563173164,-0.0480783417276578,-0.0658766796204952,-0.101734229773731,0.0775468767274722,0.0625963406249778
-0.0887337248171789,-0.123642490905584,-0.129109440799708,0.17292999989138,-0.0691388270195954,-0.0333562448158733,-0.113327367950582,-0.144984666400627,0.0351934146240477,0.109664679687551
-0.0877857146449075,-0.00857802605991753,-0.126705027166765,0.162772251753108,-0.129678891807837,-0.00985589679039466,-0.116547281779122,-0.154074422939275,-0.0290270042347719,0.146140579963446
-0.0905223968107965,0.0966814809767629,-0.112929001733296,0.0428202254778586,-0.100040630078235,0.00405811287734317,-0.106348370137899,-0.0977743570373119,-0.0812294863182298,0.16229389755529
-0.106376958830231,0.143077800610227,-0.0671793515594026,-0.0839171400340403,0.00963422331560445,-0.0315390669961899,-0.118930819959458,-0.0287055425115799,-0.109991211466115,0.158850583963451
-0.113140041242768,0.143548904165619,0.0145122568857109,-0.136235323575314,0.0996079617764081,-0.104536619013359,-0.132623816649996,0.00189882169121133,-0.132283742391624,0.117454023226165
-0.0790119048615949,0.096883644656434,0.109278480127461,-0.13442941719316,0.0829576907663435,-0.137096711373057,-0.120392572680858,0.00458180505656016,-0.128234469314295,0.0673196532975317
-0.0257623884089369,0.00773422186058944,0.117298506682659,-0.0822405998698217,0.013591279423022,-0.0896990815528503,-0.0539327826783232,0.0136403363026025,-0.0719307059731654,0.0132954524705138
-0.0195470101088966,-0.0294582769572637,0.049590407476944,-0.0319453634863489,-0.00737428462405413,-0.0302130856599393,0.0370667032592511,0.00525923786187685,-0.00377410774024821,-0.025587426579345
-0.0128790511119782,-0.0142008228211222,-0.00431255764403316,-0.0139276226083522,-0.00872919930673658,-0.00918091913345123,0.0588131487966454,-0.0189577866607857,0.00873753948231141,-0.0141992441871149
-0.00194355060975285,-0.00200887737127004,-0.00256379129181911,-0.00298223537941507,-0.00247591269657571,-0.00160070575651568,0.0127246631453269,-0.00258226717751381,-0.00176017019662796,-0.00239793390413428
-2.06626553162429e-05,-0.000269678962578681,-1.79706445138805e-05,-0.000122070310368724,-2.37022873800342e-05,0.000584968229517466,-4.36497876005485e-05,-4.17317924953998e-05,-6.20565125065059e-05,-6.64493131814872e-05
2.64002374369601e-05,-0.00124759066344732,-0.00062664265878716,-0.000882959300804241,-0.000129282264434309,0.0047407807769257,-0.000182290190004599,-9.23360476214898e-05,-0.00023500272984439,-0.000398260366059406
-0.00401484353476483,0.0196215099669893,-0.00202616854628389,-0.00454784095416735,-0.00378641029037625,0.00412830823593232,-0.00300980868167654,-0.003932886332165,-0.0028683846495035,-0.00549782908192566
-0.0239539905996205,0.0687450529733198,0.035347375815345,-0.0114725535699394,-0.0155565917908424,-0.0148206616141114,-0.020159604073642,-0.0318621982310667,-0.0248644911418137,-0.0287818671103551
-0.060904595214753,0.0827523548220236,0.102190181450865,-0.0106693895362358,-0.0201780979275394,-0.0484925164183174,-0.0377984900167574,-0.0492147859290556,-0.0702219172505839,-0.0579748507788401
-0.0987026227833371,0.022577245582138,0.0520337080124687,-0.0172508251700628,-0.019822438754827,-0.0802610886187805,0.0408926232696722,-0.00367681744874047,-0.10021502614995,-0.0689600315915136
-0.121458247665309,-0.0743065967680363,-0.0938833294305588,-0.0394013833184894,-0.0248072841495305,-0.0849619617285892,0.148256297613475,0.0120969358958316,-0.0714808429992084,-0.0653950735422547
-0.127284093607703,-0.164653921975883,-0.191062706998102,-0.00870009191287285,-0.00592656371357896,-0.0677704036254857,0.0972681989856972,-0.023345267076177,0.0353746942811368,-0.0197705979144777
-0.131056991228513,-0.219460956554144,-0.202990667149124,0.0742143604359696,0.035916072736544,-0.0431904272815291,-0.0363169258859314,-0.0775770477812091,0.112928989943103,0.0300764467939883
-0.144703508960319,-0.228008812741172,-0.161961051698685,0.145888217750169,0.0560595062693318,-0.0115785313637685,-0.137206609985341,-0.14275512007991,0.103449177245555,0.0571517488740963
-0.147376488898296,-0.140299769425952,-0.121916112878092,0.19280584123366,-0.00245650163962081,0.0355491515652098,-0.191678035621685,-0.192832323198342,0.0545779321191365,0.0716985137478563
-0.138259943746144,0.00509887710643763,-0.143075765010327,0.174374532779128,-0.10383455328163,0.0871615645016177,-0.171166398917007,-0.164097892300514,0.00175714930337953,0.0734863412332229
-0.123585193336776,0.0926472693727544,-0.1484587546717,0.0436706947975158,-0.140469624783954,0.143135721451532,-0.12530953010241,-0.00542122076430906,-0.0610284187671669,0.0818743794183679
-0.104261226733006,0.130211767206039,-0.129967863685331,-0.105800969114189,-0.0690652247401958,0.129656276549298,-0.131543548904373,0.10873046124517,-0.120986338449281,0.0959130514743673
-0.0833668514979645,0.13877546500082,-0.0799480627983992,-0.173165459026207,0.0468500859534129,-0.00658214097668114,-0.156120807967062,0.0807248211854214,-0.169363803683487,0.105497741220081
-0.0448114132204728,0.0638949327722404,0.0450082700061708,-0.185232402078736,0.0858336883219745,-0.157166874517947,-0.141699582085617,0.0128706501875048,-0.17453494134523,0.0921372337283782
0.00070196840464935,-0.0667076653406456,0.109537406073176,-0.133749962160719,0.0171238949374979,-0.159067043691825,-0.0577208262668942,0.0162648775078209,-0.114253750966213,0.0312136102819876
-0.0238921882688503,-0.0745400903778525,0.0495903588481251,-0.0524580163788277,-0.00774393778070783,-0.0627523667499611,0.072734080753218,0.013542955177274,-0.0103947771938769,-0.0419064794082607
-0.0232497341345472,-0.0227582000850386,-0.012289814573094,-0.0241231573743336,-0.0128354679791664,-0.0171104064045566,0.0919351027578387,-0.0332255543029733,0.0200414968271883,-0.0251491996607455
-0.00293724577009487,-0.00286521503602987,-0.00372033391811567,-0.00487353042453966,-0.0041703024028663,-0.00230460742475516,0.0181858692328768,-0.00422563417333464,-0.00220622833671952,-0.0034122051662738
1.11407831319384e-05,-0.000181749417534775,1.14469575853686e-05,-2.92628723202268e-05,7.18692098463165e-06,0.000145783788928264,-6.94909873429325e-06,1.04898756176024e-05,-1.75605771319179e-05,-3.77146859339822e-06
1.62436837776936e-05,-0.00228382453537875,-0.0013871289039001,-0.00171552382495104,-0.00033791116067744,0.00845252211923573,-0.00031888280711493,-0.000173405329331018,-0.000576725656695265,-0.000729129419979853
-0.00918135563968333,0.0345551750599259,-0.00226353005910815,-0.0124088448049927,-0.00866824757971325,0.0129068612066463,-0.00713491272820984,-0.0115804135284483,-0.00742871639542114,-0.0119363332041957
-0.0447035968807085,0.0989002465764737,0.064209696689913,-0.0284660677160661,-0.0304269194187506,-0.0159393406391782,-0.041366082897712,-0.0550797826882879,-0.0492994205637331,-0.0442985533205938
-0.0981437585893212,0.104671722141889,0.135553524533188,-0.0335600227166128,-0.0277662370990853,-0.0637703142322435,-0.0786557779841445,-0.0346360529416064,-0.104744364179189,-0.0660153874135112
-0.148273711830215,0.0154975380673183,0.028403231560406,-0.0526193007961937,-0.0149229720702418,-0.0869522097582112,0.0226349247577023,0.0337628551345088,-0.0856591803309125,-0.0636617727935631
-0.178084233799513,-0.108922697801806,-0.159874860813442,-0.0709352727229859,-0.024681841992709,-0.0871508620753399,0.126681338087471,0.0359697209839243,0.0118796453908276,-0.0413137093494764
-0.184416801277264,-0.210414407428269,-0.253556245047144,-0.00844066477395927,0.0274574172289318,-0.0470516166198038,0.0478046773711316,0.00977216930935995,0.0964126917048782,-0.000730877098379741
-0.18788639762595,-0.259408250182008,-0.194796325997749,0.0745271335356681,0.113997757938865,0.0168171002820732,-0.0934420276530947,-0.0232991386193055,0.0695263734952028,0.021438463205773
-0.202776190375897,-0.248234527214992,-0.0870176050409139,0.104826966177323,0.156285154863501,0.0674782611374381,-0.189573455820927,-0.084313531320881,0.0306723885443183,0.0097231120160764
-0.203672161821763,-0.11719615308153,-0.0489047575701522,0.143886334120363,0.0823369845117756,0.0880802644621674,-0.24136734235067,-0.131291734484767,0.0404725892300447,-0.0311788531370913
-0.179266596501968,0.0318599602846371,-0.133211708683909,0.157346357395683,-0.0626327240320239,0.0956460544607526,-0.202622457972116,-0.0429748020151876,0.0240550738348297,-0.0756640313718791
-0.105877531694342,0.0890785295088713,-0.197616011564362,0.0251198901440245,-0.160042552355432,0.165598828400207,-0.147640101776157,0.141450764022035,-0.0467302144470948,-0.0722856073092821
-0.0283054298536092,0.106734745417209,-0.195947606633866,-0.13648928482915,-0.135476713142111,0.220651299584069,-0.141215621103385,0.156068121992026,-0.135639687770577,-0.037558286318814
-0.00167902916303477,0.111401629281811,-0.162212107013337,-0.206175161986054,-0.0254009426089129,0.126291761686187,-0.141875482285094,0.0323303499582204,-0.193886645547578,0.0262420700317353
-0.0110990499093691,0.0162930282638255,-0.0240828189030736,-0.208961023787229,0.0517697942532407,-0.111327786308408,-0.111292786307241,-0.0240516575654943,-0.198355123143256,0.0773469663312267
-0.0157016329854866,-0.139308849984565,0.0878194121032389,-0.150238507031891,0.0233791687748589,-0.219895314254217,-0.0343073516642035,0.0523873320686109,-0.143832026974759,0.0441423701078923
-0.0397738144179191,-0.11411302342978,0.0352893814354254,-0.0609621562004763,-0.00697775035987207,-0.101755679044856,0.0860539411158443,0.0289327110295783,0.00213632948284668,-0.0492283420518174
-0.0297176131008526,-0.0274347053660803,-0.0187828065103359,-0.0367884031028614,-0.0171236124248442,-0.022996278633795,0.105759841496901,-0.0441299067157246,0.0357657171751499,-0.033811263172752
-0.00337236480782994,-0.00345458215115766,-0.0046970149201328,-0.00755364550651563,-0.0053379185089122,-0.00302544188592185,0.0234719679343674,-0.00543749469780331,-0.00603511818741706,-0.00471868154156944
6.54640221865587e-05,-0.000250119245667674,5.28243789018777e-05,4.6133722431831e-05,3.08831392203383e-05,1.75180892208054e-05,3.22184543206953e-05,5.75685927712023e-05,1.32570345159653e-05,5.25070170657072e-05
-0.000658574911178754,-0.00194410994829799,-0.00240926760833368,-0.00236205227013677,-0.000664774258756705,0.00946585419476591,-0.000472009431154023,-0.000405972220759214,-0.000946176740102773,-0.00114880280855388
-0.0139288217477843,0.0510236325474353,-0.00338044158663502,-0.0218149757576221,-0.0152151615813917,0.019093966550147,-0.0133135500746723,-0.0242747943910406,-0.0146455977246028,-0.0184149430949447
-0.0513803970272318,0.124665704056497,0.0823040611378761,-0.058769888341785,-0.0478178712920188,-0.0216971887054661,-0.0720651725929026,-0.0655286654809062,-0.0782255693092463,-0.0472577732097303
-0.113192190371039,0.107045624776284,0.143017883747424,-0.0857708050772489,-0.0356672593172198,-0.067912639788698,-0.126566710116058,0.00940803132261827,-0.116450562071798,-0.0560713326584527
-0.16928465485644,-0.0150172740973828,-0.0152973669417959,-0.125524785283723,-0.0127038383868361,-0.0856807951685254,-0.0115680186519744,0.0459163220417551,-0.0019899944417741,-0.0436198490415215
-0.197535683601902,-0.14539604435701,-0.204791590952069,-0.122033534944556,-0.00355941033237916,-0.0613082267937244,0.104657769229529,-0.0052946531696205,0.0814502976833677,-0.0193149262734025
-0.188530273781456,-0.220947993939223,-0.232499890837415,-0.040037246688652,0.0712114758069512,0.0224001269061085,0.0311611102734366,0.00886721884584752,0.0202314052700444,0.0124949472882231
-0.182809257042253,-0.242757996131078,-0.0784953736021681,-0.0114410712387903,0.1642515041215,0.0759615175073606,-0.0939906284083848,0.0764129769942451,-0.0741718524871427,-0.00775634281519509
-0.190746487293828,-0.20772574120774,0.0632313348330372,-0.0236892732757942,0.196162307988149,0.0745946537305384,-0.188615033809304,0.0916334514309084,-0.0504299311658403,-0.078662384896754
-0.170421308428197,-0.0701181945816607,0.0283373644306289,0.0618958937721825,0.0829854387061923,0.0134650030113997,-0.251867640116867,0.0668767453170704,0.0182025316969876,-0.162777392716029
-0.0900561289366139,0.0505384387430425,-0.155489229558155,0.118116416446615,-0.0939361022954632,-0.0109841306213946,-0.230589562377032,0.0996666573848204,-0.00688841319891751,-0.212307497949988
0.0283526366191865,0.0820774787997111,-0.250119045056239,0.00402683532357491,-0.190060421243444,0.0753138692012098,-0.159862280180235,0.127911145869067,-0.0773007137851093,-0.185974034242515
0.0799712663446624,0.0918929622917142,-0.237688582608158,-0.14114380349479,-0.16447203140393,0.180281870289166,-0.106924996589847,0.0120956014049049,-0.146624225085888,-0.138080975321085
0.0391994771852093,0.0620685867764034,-0.199790244504031,-0.192769392397654,-0.0772460312523899,0.181412071431213,-0.0723825909393644,-0.128201655796172,-0.187951388662695,-0.0655424986111113
-0.0358953007249974,-0.0546281606557561,-0.0490230674878133,-0.183711866060861,0.00501129719888417,-0.0363225586034509,-0.0522671159801121,-0.0800697052277959,-0.18094642809943,0.0240385147299268
-0.0686605436977603,-0.186238656603221,0.0698882356953947,-0.130942435170949,0.0219457380755904,-0.243269427397076,-0.0315871670763012,0.106329461926806,-0.124954385013198,0.0419308041956323
-0.0655980886971789,-0.126658901319455,0.0240125064620309,-0.0594671354382139,0.00621449648547044,-0.125549167049351,0.0651983384310514,0.0605415248009827,0.0163571171322891,-0.0475784136275255
-0.0291985534869469,-0.0257294796319038,-0.020061257980639,-0.04349846612301,-0.0204964911517616,-0.0239436324620162,0.0920786532152358,-0.0424168532968917,0.0480428233956407,-0.0358050912227037
-0.00378236526040821,-0.00367653261464961,-0.0058502333921464,-0.00889792086366451,-0.00654375549340208,-0.00380253364385409,0.0246935986880217,-0.00630472983489689,-0.00695358778994075,-0.00670464898830034
0.000163707764664675,-0.00025902069697134,0.000159098542081975,0.000257449075109299,0.000151797209451135,-0.000435986018053099,0.000130665987069651,0.000186097140209256,0.000147146726995602,0.000173921917908523
-0.00201301151897822,-0.00274613024454277,-0.00354637600299742,-0.00413279896222073,-0.00156324535309303,0.0147313292971773,-0.00108078046221014,-0.0016502967167703,-0.00189101918624764,-0.00304054121458689
-0.0174694410389306,0.0620858338189621,-0.0085965987011485,-0.0362088637411999,-0.0250282940041604,0.0385973201419967,-0.0217970516826267,-0.0375811303125052,-0.0251077235190148,-0.023132823959992
-0.0394300716240218,0.139090071230522,0.0725319830575472,-0.105219412987577,-0.0775402656044989,-0.00940149033920205,-0.109422172773979,-0.0644756839440015,-0.121772889524421,-0.0307840980705692
-0.0908719364192411,0.0807267593074071,0.112990593153928,-0.166158480363723,-0.0658499191593199,-0.0587503825848526,-0.18123675863808,0.0523736090496957,-0.107298786966323,-0.0309254118154528
-0.13100999825197,-0.0702453554898957,-0.0565385360514996,-0.221315280952046,-0.0355269700911599,-0.0691466532581974,-0.0503223117243371,0.0049966600781818,0.0941889265146887,-0.0225465838769991
-0.11669164368217,-0.168311446657424,-0.202950776942909,-0.189742149816753,-0.00624564813067495,-0.0220983229472979,0.0966287254550816,-0.09562457702784,0.0470471516855627,0.00115501814529412
-0.0552204775211125,-0.203182044554003,-0.132122363466916,-0.11986414495394,0.06126680159525,0.0285345034772941,0.0371650782380058,-0.0517604123399915,-0.114074923664026,0.0062950573528196
-0.00124988419119934,-0.2019182611861,0.0574047999250754,-0.119219680367928,0.0924716667877344,0.00849866630749587,-0.0930946699597022,0.0505597009013246,-0.15296093112632,-0.0709122514473326
0.0436687574031559,-0.186298827591809,0.124793382424791,-0.124141379787967,0.0951767425133253,-0.0574117364594031,-0.216609197779343,0.108778469413274,-0.0764927557231484,-0.181802114928688
0.0841746723945907,-0.100705749070946,-0.0236180783218587,-0.0390345150428301,-0.0184474404435782,-0.113479104459105,-0.305442373924597,0.102700167255668,-0.0231020347028254,-0.282457790358797
0.135412857818388,-0.003397263311791,-0.225776078666521,0.0469263567600676,-0.16338621084425,-0.0832000593117166,-0.267945525957281,0.0645331590168589,-0.0869541764407042,-0.313181176104032
0.173956866891188,0.053376093202753,-0.294007755615051,-0.00277176570813939,-0.212731790153575,-0.0170526539560664,-0.122460208514571,-0.0238518648930404,-0.114565862552867,-0.263202763202492
0.12217741262286,0.0644993584719404,-0.265784624022713,-0.0927943296304526,-0.166530899360727,0.0567957502599117,-0.0215020921386828,-0.144596782491334,-0.131752109365607,-0.197174625128772
0.011564278250179,-0.00459820704354205,-0.190119957020006,-0.136764374198653,-0.101446142506729,0.133467460553495,-0.0106252291922339,-0.213579200131963,-0.144566104547555,-0.111555297227483
-0.0646982331755373,-0.134918903931192,-0.0276343316616447,-0.143875573003015,-0.0390755061083803,0.0045790979819619,-0.0493383313651483,-0.0860043179260289,-0.146319145251897,-0.0121474211011898
-0.0664875201483602,-0.218633137332858,0.0571857508556185,-0.105326578937463,0.00962309599763486,-0.230182793135056,-0.0520922962466391,0.113994138744973,-0.114046896486399,0.0210834916369846
-0.0593442489257475,-0.124277827992888,0.00808879990833485,-0.0530828387850911,0.00505035286559756,-0.1336758744875,0.0500372129278537,0.0767683997525766,0.00206836965917443,-0.0532920599636026
-0.0275996665684188,-0.0247658006006535,-0.0213641476417194,-0.0404478978140083,-0.0236451948488494,-0.025740200094194,0.0893044509238434,-0.0382497796256997,0.0406905336124483,-0.0362596796970777
-0.00395906633837649,-0.00396071174890828,-0.00661900380370056,-0.0104989557048609,-0.00775416898683283,-0.0044226352794767,0.0270119311906865,-0.00699412759382047,-0.00634827205262031,-0.00828437815899046
0.000258651186500609,0.000299326613278085,0.00028493834014069,0.000461485148644497,0.000348891292942788,-0.0016813875819681,0.000208342711323892,0.000395445994718331,0.000314948598802028,0.000301750798661236
-0.00360083294700378,-0.00917469607393337,-0.00496595927120256,-0.00769524032909372,-0.0040513901808906,0.0277579349568725,-0.00262884633736806,-0.00425168059151858,-0.00417994960603375,-0.00626042636963994
-0.0209224969635562,0.0493542549397206,-0.0199665419274387,-0.0516359346756811,-0.0364069566057045,0.0923942266970057,-0.0316413377977285,-0.0533365157912337,-0.0389775912765387,-0.0329007168234458
-0.0248704014423483,0.128375656172142,0.040910220417787,-0.144210057888872,-0.101671029253479,0.0387783662745102,-0.140293567279873,-0.0441208950083003,-0.16569881148305,-0.0144239481120085
-0.0622203750928007,0.0430231049988754,0.0708516980378162,-0.249161624299038,-0.0845858415079542,-0.0391812893094447,-0.225392680730926,0.0818826607774079,-0.0746145217684196,-0.00338763229497472
-0.0651705467197794,-0.102655007883638,-0.0656780034991204,-0.309502145552537,-0.0524382807914023,-0.0787624534756474,-0.0669469779224762,-0.0653473747171585,0.15126265110919,0.000584570091763222
0.0201031168564248,-0.15470989611366,-0.14945996847796,-0.261449090618832,-0.0249928454047772,-0.0815105491552838,0.111361566448684,-0.189581210080205,-0.0220241516267846,-0.0038364995565221
0.15482261515496,-0.157676668471854,-0.0228542138636216,-0.1862266588033,-0.0249167783846443,-0.101990597937428,0.0291619454427218,-0.179050347455075,-0.182650096310161,-0.0555703716789327
0.241474896649565,-0.163487644976877,0.112281923254693,-0.161752834736258,-0.0576421404168472,-0.153879991500177,-0.121173960134529,-0.103597228879434,-0.157612278912079,-0.167824430139435
0.240077210553414,-0.188687897550666,0.0783466907487123,-0.161220645150743,-0.0622773999773183,-0.148284072808184,-0.242693952081656,-0.00788434686356959,-0.0638842108210106,-0.280941665552495
0.176311399248767,-0.143420821521634,-0.088749451319717,-0.0813645857183865,-0.125429608179531,-0.0939054969401052,-0.272213962134185,0.0307408585539306,-0.0401442985788528,-0.359033645203605
0.127797225319263,-0.0447033199184385,-0.237433364381232,0.0287242348692349,-0.18402633229941,-0.0860629824857979,-0.155791146516688,-0.0179526988639596,-0.100160362771374,-0.36137656630873
0.0681246511250555,0.0353159860150987,-0.277234791636422,0.0281683503898363,-0.182696843130431,-0.101674119763563,0.00478190821501645,-0.0970335794824482,-0.0703542757600916,-0.297169614190548
0.00163615898604329,0.0362961088964318,-0.230019833727496,-0.0309095881766397,-0.130545545709683,-0.0322593179111941,0.0403142499406824,-0.158643668312901,-0.06539725174847,-0.201636759835666
-0.0540546848965234,-0.0604816931065775,-0.117734449511725,-0.0960483327857859,-0.101732303389699,0.0909554898346628,-0.0184767079142695,-0.184680634573746,-0.108111838048405,-0.0985338825305885
-0.0715587789285556,-0.185705747296556,0.0188310758543492,-0.122464143513467,-0.0523229322760865,0.000322051784216584,-0.0716688360387794,-0.0836738154012475,-0.142738431931076,-0.00744185117697809
-0.0363726730076454,-0.210654146655153,0.0349039521989835,-0.0779701758031618,0.0166163355164985,-0.206451628214441,-0.0469479124854641,0.0564588958984721,-0.117766452170749,-0.0107081378741804
-0.0437578085585738,-0.106551228159997,-0.0214614122650885,-0.0354977501459273,-0.00234143652741575,-0.123101402314325,0.0558350588434502,0.0585437146448159,-0.00854206523445353,-0.0590071494619918
-0.0253242918417626,-0.0248335247601393,-0.0287117193935652,-0.0310461427333939,-0.0293158204419213,-0.0267764784271849,0.0862657256630394,-0.0311809514594757,0.0269262786792066,-0.0334605874491417
-0.0041078119915739,-0.0044548319045104,-0.00688746997601506,-0.0118918471999098,-0.00787124869417249,-0.00490878783780843,0.0240074144969643,-0.00738053110023574,-0.00563395451024078,-0.00748818494381067
0.000297511751543893,0.00111288345001912,0.000360359187698557,0.000429011781228539,0.000524653139264546,-0.00290278214796958,0.000276217340328057,0.000531436147388781,0.000425606194255629,0.000477882150709769
-0.00538597196380435,-0.0123801354897943,-0.00648999056971379,-0.0100318806705104,-0.00734577855006682,0.0402523628086303,-0.00435596535029047,-0.00807450727491229,-0.00706691566502784,-0.00959205061523221
-0.0274832475185529,0.0309046328883891,-0.0252660837519703,-0.0554263390299828,-0.0433230842629084,0.149803456695102,-0.0352043621272705,-0.0589713255556886,-0.046698440193944,-0.0398273506366096
-0.0296216022710665,0.104326575982195,0.0136795242990944,-0.142093510262268,-0.098809955562497,0.0882342040211289,-0.146413923942311,-0.0120018976959495,-0.17577161617555,0.00103144653620915
-0.0575287911361898,0.0336198001208858,0.0440486012525979,-0.237611138067495,-0.0805140759367951,-0.0528475182997676,-0.232445334350575,0.0817102985721692,-0.0595305187654726,0.0330892391525499
-0.0481151788465192,-0.0895158243597819,-0.0443781193072531,-0.294268673102615,-0.0633202013425212,-0.163030173954134,-0.0511991801161478,-0.109557702166557,0.14450540325523,0.0132442707422735
0.0539292731315448,-0.123437276879793,-0.0689161351845255,-0.229142268783729,-0.0709724571037412,-0.205611322266684,0.125677749528709,-0.23820501178791,-0.0509537587085654,-0.0389243048809203
0.149232913279532,-0.104761916129145,0.0435069754158379,-0.134423029405829,-0.127696287627748,-0.233123653801521,0.0610918026254575,-0.212194906114307,-0.155343476333304,-0.122719747123727
0.142831184718532,-0.102824892019294,0.0928466735527558,-0.0834702032048308,-0.1539899599908,-0.206021539444201,-0.0558315464191918,-0.0937481983755512,-0.0693304229433909,-0.223336965349317
0.0379384996103999,-0.136533935138779,0.0427929872628875,-0.0678788716446633,-0.141583429483888,-0.104908910030259,-0.11521945862099,0.00088621850163381,0.0316050887620032,-0.317890058925316
-0.0929414305663303,-0.109226021555312,-0.0489090051220644,0.0156676376924922,-0.141827186495754,-0.0344485866286175,-0.0798893879988553,-0.0160244270510768,0.0396094978569867,-0.36825672279897
-0.15174697379876,-0.0226471930106506,-0.129246590748326,0.100166248146726,-0.14072776834679,-0.0900856814842631,0.011589599870118,-0.0555153381986115,0.0279517226842694,-0.337726339078695
-0.167787647885321,0.04369148841483,-0.141613851672047,0.0756846344113083,-0.0984393225935123,-0.130159541275599,0.0552430776120928,-0.0760728841084986,0.019501331158817,-0.251185730010039
-0.151855047364481,0.0249756092386879,-0.100509617249567,-0.0105972561998859,-0.0715782146530878,-0.0103425165316435,-0.000595124258432357,-0.0988632466035444,-0.0395397226767217,-0.131590374558506
-0.141464107042009,-0.0662010627739425,-0.0163600519185564,-0.0832833439995184,-0.0673960043161127,0.0995636312636431,-0.0685496070095602,-0.124575787708709,-0.113672633957362,-0.034871511573049
-0.105712488900605,-0.156292237806783,0.044614351703037,-0.0970683740235546,-0.0109220955452096,-0.0205980469951164,-0.0877859351211934,-0.0615527747995633,-0.138332866658138,0.00554276054866101
-0.0484753297509812,-0.149601241442629,0.0168937989106575,-0.046613347351573,0.0291707065534317,-0.166977667178674,-0.0420475512612341,0.0414052983455101,-0.0862864846170755,-0.0373155338486333
-0.0394954440530722,-0.0780884824290641,-0.0365754759210962,-0.0214059454685968,-0.0115824857140653,-0.094824281027758,0.0344424881084196,0.0420573186472464,0.0187244635596991,-0.0565140034820231
-0.0198846051456141,-0.021891306464442,-0.0282705993225769,-0.0271882794222131,-0.0264119704845167,-0.0235296061740626,0.0610460228833981,-0.0267945963133832,0.0291562580650884,-0.0261920342258782
-0.00327027218294159,-0.00363317484018217,-0.00579734988160568,-0.00958169996600687,-0.00588323595778005,-0.00413165255803753,0.0192675466340293,-0.00566064807481654,-0.00725395768521896,-0.0054957733137965
0.000447112127232686,0.000936853252866973,0.000471022652548853,0.000673823510168712,0.000718786441337293,-0.0034963885045313,0.00043955522921212,0.000715386793701192,0.000658938809760744,0.000751100947238845
-0.00601914346353167,-0.0132210638991925,-0.00585214815022118,-0.00951065714682215,-0.00830077888014098,0.0467119438951481,-0.00440964964264125,-0.00855304316076116,-0.00738077643258622,-0.0105747784573279
-0.0267941895504693,0.00480501718245228,-0.0234302801951131,-0.0500242080550581,-0.0427166284455303,0.174209255449572,-0.0315376126392531,-0.0546984985669585,-0.0436108900191836,-0.0369304327339297
-0.0112075448626717,0.0558441973774963,-0.0210574587851613,-0.112369147821174,-0.0663459209312257,0.094014115007545,-0.132732485052229,-0.00328641795861072,-0.159243642253095,0.0106977553299552
-0.0202012252943764,0.0274925345830458,0.00493607341071276,-0.16560781688331,-0.0465942387672327,-0.100808893377374,-0.211927542468465,0.076919370415474,-0.079579796212942,0.0513974579055013
-0.036271309734865,-0.064602110871365,-0.0244230609341861,-0.199355013283829,-0.0588340760430681,-0.254851524562676,-0.0440780241029541,-0.108640054827661,0.0685830575344721,0.0277111124735194
-0.01749757300077,-0.0755071863694084,-0.0262084092166238,-0.14215237418645,-0.103760990161497,-0.309567783293841,0.113062320997431,-0.202985364547314,-0.0347841745122898,-0.0438935787689786
-0.0281607700555984,-0.0492333470051898,0.0389588201716946,-0.0368433327884724,-0.201846953691355,-0.285049231644691,0.109466194194902,-0.130244202451774,-0.0511358846885364,-0.118682508849631
-0.0987923303916462,-0.0491587019649134,0.0236130444921981,0.0328474403644056,-0.218547685279877,-0.179945575693106,0.0558289517244464,-0.0037138927051021,0.0577537310998333,-0.206263332880361
-0.197380235903545,-0.0678093742522734,-0.0114466709266462,0.061780965365503,-0.162218538791263,-0.0585168652305852,0.0290097108063958,-0.0282370805600545,0.113376471335409,-0.280663845015966
-0.255349333694878,-0.0586662199537602,-0.00376019598730369,0.102127589241926,-0.118727926458787,-0.0292451988132753,0.0406794627611481,-0.144935312853754,0.0858406115139239,-0.301450620108486
-0.245836648068673,-0.0226762943812503,0.0043937893387971,0.118751709999888,-0.0755634728854283,-0.0845377529187316,0.0458901126718777,-0.154120833072951,0.034152149873257,-0.243634532106536
-0.217518658554725,0.0141894814996021,-0.00299451762610999,0.0451962766045017,-0.0297588815403065,-0.0651908073584334,-0.017830352472219,-0.100525137089394,-0.0184700960463693,-0.134113658742926
-0.199561356732485,0.00841701667544062,0.00663238451852386,-0.0643303298671261,-0.0244027828213119,0.0591168232700036,-0.0879585390255237,-0.090982166400684,-0.080661690000172,-0.0352782567880092
-0.18219126840796,-0.035671934148269,0.0336604636384487,-0.0932993715736337,-0.00562993460976088,0.0816369861815572,-0.124413563458127,-0.0753462401712835,-0.11567909026207,0.00605126801676262
-0.129068170415713,-0.0665644901866661,0.0407896339139778,-0.0556755138356351,0.0326822671765278,-0.0465311419275009,-0.117334079788605,-0.0016282153773627,-0.0899731299058018,-0.00890773461856549
-0.0649565130468704,-0.0738680927599442,0.00439785752280174,0.00213846446271575,0.0278294911484868,-0.118436953378483,-0.073422268971097,0.0532423518868288,-0.0262873867149562,-0.0440153783576627
-0.0295587319759139,-0.0496916618695193,-0.0344604313696121,0.000113258792169601,-0.0152933242031699,-0.0624433931913029,-0.00982378903925348,0.0204629524118198,0.0513168689613434,-0.0418545343877645
-0.0106695211431152,-0.0149333611799953,-0.0186420965707723,-0.0250809711844325,-0.0171571921646707,-0.0162369763952121,0.0222520801678092,-0.0180092552794874,0.0456687330894062,-0.0169797600186356
-0.00177267498514614,-0.00204612187785275,-0.00309844250410771,-0.00537878744813886,-0.00333981223381549,-0.00254703720138543,0.00984016633089796,-0.00315379628089656,-0.00227740629937606,-0.00348594547571392
0.000375074138163055,0.000694113314002951,0.000337467038541333,0.000482053651189292,0.000527618464983857,-0.0028676263086345,0.000319203258714877,0.000538893894253555,0.000458930256007697,0.000581709228834042
-0.00520448114397091,-0.00985022182860389,-0.00361047707587159,-0.00581960892867924,-0.00616588461882773,0.0371748697179112,-0.00276162461002009,-0.0057710838184551,-0.00452085024943138,-0.00734371968962576
-0.0172541670541573,-0.0101065477553794,-0.0194106934966064,-0.0313066327978147,-0.0288778951841414,0.139059616987812,-0.0211910949852605,-0.0391250971969252,-0.0287689268179466,-0.0236065532286297
0.0251383474961851,-0.000839770299503568,-0.0375364262475497,-0.0619819847715737,-0.0224403361291807,0.0490721231497728,-0.101538882678988,-0.0184784515166384,-0.124650098090775,0.00745766148177074
0.0184766894301991,-0.00484443043854395,-0.0158488647351903,-0.0687275930861076,0.0113859867408922,-0.139529623041981,-0.178140123590055,0.0405400199046908,-0.113639602806069,0.0378439567237446
-0.0451511810570576,-0.0444621091577595,-0.00103404441183231,-0.0758996490422127,-0.0167352282223728,-0.277433168382328,-0.0505935753114369,-0.0618185600992852,-0.0256633353384264,0.0381102892686708
-0.102608386904619,-0.0481261585855503,-0.00543543143167952,-0.0535855553853206,-0.093614550271396,-0.309535526548831,0.0803266277772336,-0.102897746524797,-0.0279862139648495,0.0102529050717207
-0.147926348116548,-0.0155777741547729,-0.0084071216133628,0.00970189506224401,-0.217203029411066,-0.260541174248935,0.110893655582844,-0.00451281233679273,0.0227422242319003,-0.0264964195734887
-0.178390513844875,-0.00734845822832357,-0.05637388616882,0.0423575395089336,-0.23580653349715,-0.137331489500576,0.0976835170568592,0.0532900095796678,0.08629650843313,-0.0880139290507347
-0.183762721219273,-0.0239424652723561,-0.0771346150243829,0.0505827875154824,-0.150105383199178,-0.00829688111435671,0.06935717213972,-0.0745032187547006,0.0836909689621689,-0.135141638738361
-0.173818822570955,-0.0408732586039631,-0.0074089301312398,0.0820362182235978,-0.0749261315897733,0.00974282430488365,0.0416094428529345,-0.193585930215528,0.0103050874187736,-0.123619301317191
-0.170379438103967,-0.0325283760710761,0.0555753895098215,0.0614598950895655,-0.0339618336890422,-0.00325323132805675,0.000706484428117347,-0.189715887351192,-0.0686748042169185,-0.0678836868129666
-0.163396802989645,-0.0136829897374808,0.071031564289665,-0.0401981496354633,-0.0180580270147834,0.0511804756571153,-0.0724393800632997,-0.147457961530925,-0.0979670849744462,0.00161222048337415
-0.154937663598743,0.0102115829111514,0.0504137570362444,-0.115355090224873,-0.00420662083234631,0.0995014748681312,-0.126314954370997,-0.109015539383163,-0.103941689518588,0.0259767350429642
-0.135266689237162,0.0301015658059678,0.0401304137997418,-0.0948002222934142,0.0134284409345421,0.0379451036402185,-0.138206930763932,-0.0578270065850549,-0.0863447466401321,0.00381727958399259
-0.0950656273612415,0.0158155411799649,0.0303644776308791,-0.0348459295662087,0.0285267008510835,-0.0569739079018737,-0.111083951523722,0.00233352908501247,-0.0401765618481233,-0.0237349732167992
-0.0463944116993204,-0.0225215956437223,-0.00333771967658623,0.0145491142739965,0.0105178930023509,-0.075024442527342,-0.0671013418518467,0.0256242612943153,0.00888610840871018,-0.0349501852603048
-0.0168493217175037,-0.0286048445857213,-0.022937788244328,0.00858917112893591,-0.012212981792137,-0.0368664839788856,-0.0266307512267337,0.0024581234833384,0.0515315057680069,-0.0261273699104084
-0.00529199853729427,-0.00873490211330862,-0.00774916892459105,-0.0138771829199689,-0.00934914355682632,-0.00947745452511006,-0.00146311649821936,-0.00882660156341792,0.034855294083267,-0.00904688022261589
-0.000697905208304147,-0.00102264430509179,-0.000835447968850505,-0.00232775157207266,-0.001534071173429,-0.00117903344293545,0.00164217549594601,-0.00129992099162502,0.00163809487389931,-0.00133387106129761
0.000151893165708026,0.000264422981835115,0.000102505367883007,0.000170241504458519,0.000189037642979671,-0.00110651777418322,0.000118624866565442,0.000179564368144182,0.000149811458895015,0.000195897291242492
-0.00296063217044243,-0.00495226949999427,-0.00128879211792633,-0.00302250862429498,-0.00360972710210023,0.0201507335514412,-0.00106448346361649,-0.00238488933656348,-0.00173235988706557,-0.00341588106278124
-0.00686369843744438,-0.00728859818105021,-0.0130036768948297,-0.0107793006225364,-0.0108582617695652,0.0717128174392314,-0.0107753859055433,-0.0225340885409471,-0.0143612926623133,-0.0103464347611349
0.0208769210804127,-0.0131258623127625,-0.0460089342859548,-0.00534571437613289,0.0235321920449889,0.00381279002962736,-0.0640278446687524,-0.0221039502850294,-0.0817223028787455,0.000211824478478631
-0.00578482142618499,-0.0136882974337866,-0.0225430611105521,0.0158319102548208,0.0767551061184491,-0.128398379027064,-0.126638847633153,0.0312358321947548,-0.115867405622461,0.013990057230006
-0.0881456274020365,-0.0273589911242214,0.00415334767874664,0.00689444675603359,0.0614577378641989,-0.22175250225043,-0.0535999363746027,0.00407716889385753,-0.0793062410955,0.0305470292155394
-0.147619169207135,-0.0307912576331414,-0.0109058592070859,-0.00230682134463078,-0.0498145579379158,-0.244183563253468,0.0475848300402134,0.0174194403856384,-0.0585852756747302,0.0487742802142109
-0.152564847655178,-0.0099926429606226,-0.0516213846696705,0.00511601078342627,-0.192362155580734,-0.202668650884719,0.0824888452114333,0.0899036459209893,-0.00816462931896263,0.073240338662288
-0.127848747709627,-0.00302506601040713,-0.0935964197231827,-0.00944865053913447,-0.203963321355525,-0.083243546726242,0.0688209915153219,0.0466968536340779,0.035892649588226,0.0681073068273103
-0.104350986018767,-0.0281212282303456,-0.0917305385211284,0.00122310317267786,-0.129722232872886,0.0475058855552773,0.0331443522918258,-0.0720746116801972,0.00302938531921546,0.0557204234474357
-0.0993095091496144,-0.0630253126415362,-0.0413208832040946,0.0361184275177578,-0.0671374191527511,0.086914576579466,-0.00239075929439331,-0.143683943916553,-0.0628878173720698,0.0585587601380336
-0.106508393331504,-0.0500644566420888,0.00535106509873969,0.00366118129905269,-0.0394787133299981,0.0897650298931789,-0.0317494042703845,-0.150162840125828,-0.106767820701133,0.0682393327154569
-0.109727183631937,-0.00175752930386857,0.0274848977409092,-0.0701803552362589,-0.0283007247758212,0.115933407617739,-0.08559567778574,-0.137949853172269,-0.11565832036441,0.0652982236278285
-0.100016541353819,0.0522548759643269,0.034295897689053,-0.0982903626667942,-0.00923622693994554,0.0749659365145438,-0.105497697652325,-0.10232703183705,-0.0926335368114417,0.0374318545744933
-0.0869689719717709,0.0909334269041557,0.0325752461447875,-0.0744840791010039,0.00634121218087121,-0.00460890251598969,-0.0937040831299894,-0.0584660754895297,-0.063348130457452,-0.00513074493592375
-0.0572780184127238,0.0678458016075955,0.0164411807805852,-0.0279634076878159,0.0119190392052268,-0.0541154580004595,-0.0655422519912656,-0.0189952594506442,-0.0207239077578532,-0.0246080483852899
-0.0242186670732893,0.00714074951846286,-0.0068306065654868,0.00443537921394154,0.00312841646901753,-0.0437537215976579,-0.0362874653595394,0.000996144688346256,0.019235844263344,-0.025580616515892
-0.00968450990694195,-0.0149480791319329,-0.0138003086232707,0.00210172804752569,-0.00499616283248498,-0.0199869921497732,-0.0181666781159631,-0.00201198697940446,0.0411728022182767,-0.0171413088074876
-0.00295082623749911,-0.00635697935041746,-0.00337013937052992,-0.00588890470643473,-0.00540697778094465,-0.00568815150705319,-0.00440963538783616,-0.00417356688803494,0.0250401817950079,-0.00540118361285572
-0.000223418579540877,-0.000381828121898151,0.000170824916324339,-0.00138760146467414,-0.000460798742499796,-0.000453147695770502,0.000176227004686496,-0.000471501631924684,0.00179988527923122,-0.000448874852795524
7.05747874876754e-06,1.30618399903474e-05,2.44864129038103e-06,9.28267629525407e-07,2.21313758339876e-05,-0.000179276511145672,7.56493059044157e-06,-9.31105652657759e-06,-2.35946143132829e-06,1.99441162007683e-05
-0.000914647313017854,-0.00148498189883001,-4.75845963099116e-05,-0.00110200517453154,-0.00188472486931357,0.00688874410237936,-0.000192063811427141,-0.000457890730453536,-0.000311586177679566,-0.000953893900376018
-0.00134309254368931,-0.00369357628765028,-0.00619745003290055,-0.00119338289560632,0.00288085664800823,0.0205691887282173,-0.00362377176126237,-0.00907145221375729,-0.0047983805146261,-0.00538501564190773
0.000601585282417834,-0.0128230491922733,-0.0359319516633169,0.0154630362329092,0.0551176463544566,-0.0151945006476244,-0.0304609477087773,-0.0148655338298701,-0.0416551923217869,-0.00543264051541378
-0.0337662328916963,-0.0153476320956588,-0.0392311331207899,0.0480781975935962,0.121737271556244,-0.0821852275547979,-0.0670965421112813,0.0299892011099935,-0.0923755655106602,-0.00553737382884645
-0.0856866938674378,-0.0246050014815376,-0.0329181999175248,0.0343913070799937,0.128395170883315,-0.136716896411206,-0.0504163056114055,0.0532548178283144,-0.104260791599368,0.00734023342773514
-0.1101756974109,-0.0370632616839904,-0.0456435361627597,0.00280789446056037,0.013512857913771,-0.155602345549674,0.000424424787336701,0.0886976191004391,-0.0840046439032715,0.0521598302222685
-0.0874552994743485,-0.0290988329797413,-0.0677053780188005,-0.0157952429603028,-0.123459258689764,-0.119491551881714,0.0243832012368607,0.0917640547676068,-0.0373117259701471,0.116965701813017
-0.0603978654410396,-0.0342699423208197,-0.0870640396554751,-0.0349515257507187,-0.140942732231533,-0.0308301174367961,0.0130676445667181,0.0144909672175307,-0.0192612909351168,0.155507497601419
-0.0527971642280822,-0.0606128170110078,-0.0865848454509449,-0.0233786939972673,-0.113460412869824,0.051499784855885,-0.0133299659437947,-0.0516064131428217,-0.0446439022572976,0.159282736519162
-0.0550903054811649,-0.0815816653681018,-0.0647584090655979,0.00246675431196983,-0.0857574569419428,0.0922946030740636,-0.0283155576999139,-0.0917180939774018,-0.0699436869285338,0.135823600598799
-0.0595475774427909,-0.046284548897393,-0.0355863075475379,-0.0217127296046982,-0.0550415209412477,0.0943148757351084,-0.0405857856742662,-0.0954706801377704,-0.0832529093112468,0.102802794809288
-0.0630477849226947,0.0344681186440962,-0.00773847323177389,-0.0629285244776578,-0.0206641982819274,0.0674151513426403,-0.0642278156323271,-0.0829392882371232,-0.0835283962913872,0.0644131393826806
-0.0587751041249884,0.100039515464549,0.00545028943632878,-0.0648492213145256,-0.00133919098179147,0.0131083138928135,-0.0642792492733902,-0.0618098480645754,-0.0679522474620331,0.0226213512017792
-0.046675415965233,0.107450082830878,0.00787530417030129,-0.0411026650589562,-1.95109732188119e-05,-0.0258886811485362,-0.0495330003782488,-0.0358747111263313,-0.0450681287573675,-0.00809551543641368
-0.0282819139779591,0.0739447547528641,-0.000230358097923912,-0.0134631515155933,0.00494183208629636,-0.0388087591452689,-0.0290086363696164,-0.0138363941234997,-0.0175672986275849,-0.0184869499721374
-0.0120991996473668,0.020992130084228,-0.00941090173941226,0.000697517241837694,0.00400752984322431,-0.0222024012749084,-0.0150833402189103,-0.00100973363919375,0.00611515214590279,-0.0153492925930959
-0.0048236594581347,-0.00605291832036383,-0.00583665558251551,-0.00187227858369835,-0.000922122417050614,-0.00887771783298682,-0.00731102619313914,-0.0020535622654725,0.0224652417835583,-0.00811951958009303
-0.00151125709346994,-0.00396336591341333,-0.00129665219335073,-0.00430537679000126,-0.00279027671822229,-0.00318973589591633,-0.000872208680005767,-0.00261605892810903,0.0134537198642449,-0.00344594732591679
-0.000328891987635346,-0.00044217169669179,-0.000366936916403997,-0.00125695936308076,-0.000613275417530007,-0.000793988926608132,0.00150817344151233,-0.000415521439231137,0.000204666784201052,-0.00103151588989148
-1.71633163694864e-06,-3.93976572326871e-05,4.84173786580434e-07,-3.10282050464501e-06,1.02216059892211e-06,1.0868532982069e-05,2.4637617389707e-07,2.86990141976556e-06,-2.88219954219924e-06,8.67887236816809e-07
-0.000119527696291561,0.000305727409808605,0.000168526640809244,-0.000284391448794964,-0.00094845437027871,0.000910216308170224,5.0068515803818e-05,-1.75989947394484e-05,7.9814798333312e-05,-3.73518592186366e-05
-0.000410616241803961,-0.00120410516955411,-0.00251091525763912,-0.00128745317534283,0.00566661419892323,0.00350778207380099,-0.000968125023621844,-0.00352489394618819,-0.00128696211695909,-0.00226339169733336
-0.00610701281226325,-0.0140936403025473,-0.0208549652997392,0.0182925374879936,0.0530189906464519,-0.0109511941977254,-0.0148791445573725,-0.0116934698390886,-0.0210671032831316,-0.0094452006237606
-0.0289228294244897,-0.0273498554455657,-0.0375133551626557,0.0445252826622771,0.12844278499582,-0.0431215145852962,-0.0374906869291123,0.0118021309948529,-0.0580449972313101,-0.0219796653419686
-0.0566336059100541,-0.0386031713616678,-0.0423858284198683,0.0210668706162403,0.165747461802101,-0.0733306248584852,-0.0455436531327746,0.0419779158863784,-0.0795434774926614,-0.0191226887335734
-0.0593915041994921,-0.0424479383116509,-0.0447848807171221,-0.00350040416877749,0.0691898808325049,-0.0783590896050695,-0.0245724267415324,0.0767166432089431,-0.0664794939197293,0.0217660324705492
-0.037933911925286,-0.0337992335856875,-0.0449221015986144,-0.0175263907928855,-0.0491050905641094,-0.0510370149678152,-0.00628432466373679,0.0558686338181214,-0.0341086522203956,0.0834547326803234
-0.0262238575976744,-0.0417845233859514,-0.048625379143764,-0.0249720818316807,-0.07626146075784,-0.00764895924839838,-0.0134603168929793,-0.00385896074460147,-0.0282175862047176,0.118991678337069
-0.0279518120775168,-0.0533625740260679,-0.0547127543511601,-0.0200593690174266,-0.0740365027653665,0.0265605201781669,-0.0272077950739008,-0.0347543107900655,-0.0391008746407929,0.123965182912747
-0.0300719546940568,-0.0555177340491217,-0.050173288192785,-0.0101911671456278,-0.0622270732712223,0.0451729355328464,-0.0282661565289909,-0.0493219402224001,-0.045340448134315,0.109132119735042
-0.0313081442962105,-0.0191557264575277,-0.0389151389317059,-0.0203438871149776,-0.0433916563833025,0.0471955938866805,-0.0273738547494134,-0.0503391871113189,-0.0471493232193889,0.0792526043343365
-0.0325929117987309,0.0534202445665102,-0.0245371842699646,-0.0347484691820368,-0.0204940580705937,0.0211439574068591,-0.0356231178916801,-0.0432439038391235,-0.0429355449580179,0.0424037161762579
-0.028785485912524,0.0976889826631681,-0.0173517713368543,-0.0350640678655898,-0.0035750912745177,-0.0054864892837737,-0.0332047944352445,-0.0297644748426585,-0.0319345437455157,0.00530668370582224
-0.0209246748812061,0.0880235006730338,-0.0152994095265576,-0.0218564231905352,0.00199626487443397,-0.0177831442558452,-0.0235068762446735,-0.0178083933308889,-0.0190597554471279,-0.0104797711208519
-0.0118889103590652,0.0496045049407235,-0.00956801105611521,-0.00638778732390939,0.00487261945232277,-0.0191097881533886,-0.0129068016080819,-0.00434637988649699,-0.00867831687950379,-0.010968273208805
-0.0049611165314856,0.0134538125441822,-0.00587379637251479,0.00194070987746753,0.00188943828658443,-0.00913617825955536,-0.00677249614594148,-0.00129070396684452,-0.000594989444898437,-0.00646222221393397
-0.00168738906501601,-0.000652641367943904,-0.00195510436396695,0.00180129814929092,-0.00121149688161803,-0.00319479029023024,-0.00332869392756968,-0.00193412468327372,0.0068604530218603,-0.00266460273382194
-0.000578275460306899,-0.00132749195644654,-0.000441921694252201,-0.000579374418054723,-0.000877854245512917,-0.000936502811824092,-0.000361812628810857,-0.000809150613625301,0.00357876950899117,-0.0012251806658229
-0.000127235896356847,-0.000171748778833535,-0.000191519541305011,-0.000505170166229111,-0.000194309333544056,-0.000252059372741184,0.000542408059365685,-8.23617240385854e-05,0.000100105561530572,-0.000435357398103787
4.62034672114353e-06,-2.17894392233354e-05,4.03448410076873e-06,5.58039545789955e-06,4.40082951523061e-06,2.68209242431681e-06,3.71402507037802e-06,1.29210945815338e-05,4.80699337045009e-06,4.4754951465272e-06
4.48326769213881e-06,0.000347508175068235,4.96695063251725e-05,-6.16965631468038e-05,-0.000331650331996609,-0.000105388989539163,1.69806147151484e-05,-4.52507667755499e-05,3.35903509517641e-05,2.31151460703976e-05
-4.83148087596803e-05,-2.79219170286944e-05,-0.000398956868432502,-0.000661516180177717,0.00187247737188639,-0.000553924259476529,-9.88920797820298e-06,-0.000681180812763585,-4.44566265226219e-05,-0.000308403136657503
-0.00388603668321976,-0.0049622874700205,-0.00693550561187514,0.00650701840983815,0.0273799056686222,-0.00532821792575346,-0.00507620228846222,-0.00480825565839437,-0.00723532117894122,-0.00549050920812698
-0.0159228459605689,-0.0177422092101321,-0.0214453274990027,0.0148498843952876,0.0939672023373005,-0.0173086883976619,-0.0194231988072808,-0.00362300720693637,-0.025152638071312,-0.0201208880998407
-0.0288987232817812,-0.0311702187979783,-0.0314006723257681,0.00126438737694658,0.143300447269528,-0.0309238196528418,-0.031410181262308,0.00748228248707925,-0.0367378948847302,-0.0246426318779201
-0.0257534934525207,-0.0287084653366987,-0.0249749466663609,-0.0110693473254905,0.0915744414942079,-0.0293275988561459,-0.0230440909774736,0.0269145776041675,-0.0285665837485882,-0.00792934478315464
-0.0106416975586128,-0.0135189042244772,-0.0128261358301994,-0.00718120327736833,0.00719199374102119,-0.0114981681693509,-0.00832118972446396,0.0185398038807122,-0.0117779918840099,0.0151267253574532
-0.00760653666993319,-0.0128335500905365,-0.0125838124631319,-0.00939407028151463,-0.0183931065206752,0.00469128925691833,-0.0100716279740715,2.54641337197654e-05,-0.00957998992019471,0.0263259944089161
-0.0104257893075395,-0.0176580536957262,-0.0162380204490092,-0.00875184656213477,-0.022358769524999,0.018125287217367,-0.0155169798360142,-0.0133337159487991,-0.0148377448741825,0.0322734265024654
-0.0102560003189595,-0.0178726698331433,-0.0171123136918791,-0.00999426629770779,-0.0174221406122965,0.0197278992640152,-0.0122298898255064,-0.0152155170773274,-0.0165481713443173,0.0312531081231089
-0.0111406451835175,0.00454050528260321,-0.0164830188255326,-0.0120883232242265,-0.0130297969913439,0.0148411993116602,-0.0116016678256106,-0.0147559662914767,-0.0175027628836825,0.0209504342631581
-0.0135946741355061,0.0450635683166688,-0.0170588220468985,-0.0135965620520131,-0.0106592266129696,0.00185630442059656,-0.0135211846902634,-0.0157212063065921,-0.0173002670215407,0.00689742750108379
-0.010129046538139,0.0563708984638134,-0.0146096459309247,-0.0120552457264643,-0.00635663141599742,-0.00649871344167203,-0.00922653018830539,-0.0111831832541576,-0.0103711705827241,-0.00223344651207525
-0.005463257030033,0.0454294223841946,-0.0113217852566429,-0.00719515821757324,-0.00215623248169479,-0.00917025072437227,-0.00683348942147272,-0.00688635343309353,-0.00430332624608069,-0.00610921493474721
-0.00203982002299566,0.02334594065084,-0.00637255188652865,-0.00235491227857145,-2.94877331598603e-05,-0.00680632023355298,-0.0039113250676538,-0.00304997982580557,-0.00163605588223439,-0.00408825176591301
-0.000499317692103969,0.00452539864170176,-0.00146598793756048,0.000920610136383204,-0.000447295644352229,-0.00206640078017537,-0.00140996483036294,-0.00111858633370863,-0.00035108144840554,-0.00152388752012272
-0.000181146678503986,-0.00062397210195423,-0.000195504733805146,0.000808725555946393,-0.000382429892028997,-0.000240055674104185,-0.000310405567384413,-0.000332366938291833,0.000580471122909435,-0.000232220084586372
-7.25791034777319e-05,-0.000122295121324356,-9.63674272390016e-05,9.43410806197551e-05,-7.50080389613471e-05,-6.0219726185601e-05,-7.68437369886661e-05,-0.000121827596033589,0.000398427366982334,-0.000108951435958339
9.1179981591296e-06,1.1344641934247e-05,9.86970624351791e-06,-1.85421377576315e-06,1.58756030218085e-05,1.86701237959867e-05,-2.385496246659e-05,2.6902560760077e-05,-3.0885645107744e-05,1.67909787118776e-05
-1.64255532275308e-07,9.31313812039187e-07,-1.49448539840397e-07,-1.89618474251365e-07,-1.72911828837868e-07,-2.54885329078073e-08,-1.3747661324082e-07,-4.78237130583148e-07,-1.61961470554316e-07,-1.65346500949204e-07
5.76406136000699e-06,-1.27397168155588e-05,7.04359760699467e-07,7.88636584096e-06,-6.97406585919251e-06,4.14789703899415e-06,2.38241692972075e-06,6.90756710257997e-06,1.98451128710356e-06,4.41225760757236e-06
5.27740445419292e-05,4.56235967831006e-05,9.67243988648876e-05,-1.17838695033679e-06,-0.00040532299315339,-1.9243313947386e-05,6.2583043760562e-05,4.14361569291156e-05,8.34332918663588e-05,9.81882041015509e-05
-0.000631185600491448,-7.11014574919486e-06,-0.00041621733367446,-0.000482211545856213,0.00306857405858659,-0.000262941679137088,-0.000367550959068214,-0.000292576015028588,-0.000422168157272326,-0.000708992011366889
-0.00398490059904161,-0.00349585261382487,-0.00390266063285514,-0.00116475460061598,0.0230883117597674,-0.0023232251975816,-0.00411214275722193,-0.00105616829062863,-0.00477861293743448,-0.00532691864667446
-0.00869586109382083,-0.00877163382915026,-0.00824998359119755,-0.00235683471318097,0.0489315152407289,-0.0079337600736778,-0.00926264953571528,-0.00259990104177525,-0.0101057326243352,-0.0109459362555737
-0.00674592793888031,-0.00692188028403298,-0.00552952792752088,-0.00355540697448748,0.0356345984180753,-0.00678628172420471,-0.006831352657858,-0.00127483076147691,-0.00685786134447006,-0.0078257389539244
-0.0013899652695357,-0.00149583081018152,-0.000960615423978463,-0.00104306732287393,0.00973330831076026,-0.00170293265645304,-0.00188209925918842,0.00161580381701146,-0.00156498973584413,-0.00330160531358592
-0.00039748946279474,0.00147077503603151,-0.000156058514422382,-0.00118865163458946,0.00182198825416357,-0.000382580202676543,-0.000694678407784618,0.00175150132020976,-0.00081214533605816,-0.00182738583352602
-0.000625153787612317,0.000821600812765498,5.87587695309823e-06,-0.00166518125166298,0.000134487395077038,0.00409709837658305,-0.000476372132750627,0.000345997941009897,-0.000108658383851699,-0.00281878212341085
-0.000218095234504776,-0.000317464010934952,-1.52700784506072e-05,-0.00204241879266401,-0.000130186477708021,0.00600125003599703,0.000475295226476346,-0.00077358707294017,0.000330918117478541,-0.00339015739417203
-0.00105490367761073,0.0074661858535026,-0.000816365517939034,-0.0020958288974818,-0.000646241079638152,0.00156666502154157,-0.000654894148173586,-0.00171148207252835,-0.000941848803466093,-0.00356911507985053
-0.00260336624765344,0.0172698575850591,-0.00245447840724843,-0.00260783831306909,-0.00155555427312015,-0.00283912309965694,-0.0018854097935965,-0.00328716034234115,-0.00267416955702551,-0.00373739697694585
-0.00148409858159043,0.0123547631926082,-0.00165624930411901,-0.00140886436569689,-0.00108827319194714,-0.00269898430244085,-0.000886255380187386,-0.00194355316554018,-0.00122951146307226,-0.00159979754558798
-0.000522924136524788,0.00723650249900749,-0.00145903236001997,-0.000585384261165491,-0.00116674266784045,-0.00157309306506658,-0.000382034988153177,-0.0013821036459137,-0.000520661674634481,-0.00035326768194658
0.000676472220715919,0.00412561433690938,-0.000920209385574635,-0.000211198545324705,-0.00081677641344098,-0.000975503012507082,-0.00056443536868349,-0.000991444647238492,-0.000646975781729756,0.000547709282850623
0.000133294661531819,0.0012356633828254,-0.000217649516721289,2.18342228583635e-06,-0.00021441875544026,-0.000253095421862078,-0.000194702432311752,-0.00025326405447478,-0.000280291666627593,0.000118283875511901
8.97427259832832e-06,-7.64575192157623e-05,5.93234835615794e-05,-5.20655310062877e-05,4.88771763955512e-05,7.7988775476461e-05,6.15744175248008e-05,6.11452744521595e-05,-5.45535748497845e-05,2.18196478731829e-05
9.06872195220064e-06,9.48728964683229e-06,1.07804916515097e-05,1.44213904882579e-06,1.20624253581244e-05,1.25002281490179e-05,6.654667451894e-06,1.25261346398113e-05,-4.33156166020061e-05,1.70886811326617e-05
7.7151881865883e-07,1.24171309246486e-06,1.20221604238002e-06,4.75823256713696e-06,9.61140518523808e-07,1.31214789670758e-06,-2.82014611010024e-06,-6.93269968742787e-07,-7.38847549875128e-07,3.25379273785685e-06
0,0,0,0,0,0,0,0,0,0
-4.49067187439046e-07,-8.12926243996438e-08,-3.04014641712013e-07,-3.70624196907428e-07,1.92641379877249e-06,-4.20007047332256e-07,-2.89589481410308e-07,-4.86539401119886e-07,-3.20229820071958e-07,-4.15193552862253e-07
1.157610434579e-06,4.07099210527323e-06,3.12547708689238e-06,1.09038217221252e-05,-1.8699497294837e-05,-4.82964475301078e-07,1.10669551202693e-06,-9.05345731552279e-06,3.15046701207315e-06,2.14451067937573e-06
6.59417500793235e-05,-8.61916370640799e-06,1.71109642800144e-05,-2.92795820036974e-05,-6.01548951021658e-05,2.26219626033356e-05,4.02954093934868e-05,9.42253172989168e-05,3.45057342213439e-05,4.84066868164035e-05
-0.000396899021894483,-0.000366303000488696,-0.000195363152061801,-0.000584828569543004,0.000212529564808739,0.000592026460886311,-0.000260722381183289,0.000865218974032142,-0.000438321849580999,-0.000329013666746421
-0.000567774797556331,-0.000438258835983256,-0.000221268758091728,-0.00031575847195922,0.000511980051259887,0.000112915588208836,-0.000564189851367429,0.00142213316709988,-0.000815848481871911,-0.000499121389995606
-0.000152632458760101,-0.000116199715005372,-7.02271336841614e-05,-0.000288659732218959,0.000478422613824621,-0.000347231079354887,-0.000375544053248228,7.73598152366654e-05,-0.000416960359369998,-0.000241307217270355
-7.41772876012028e-05,-4.35391390320664e-05,-4.13309735138985e-06,-9.41285800273444e-05,0.000191604823999675,-1.94733504431213e-05,-7.63931767115341e-06,-0.000337106666122429,-6.48314376154705e-06,7.26417270733153e-05
-0.000113616838281232,-7.65787608346576e-05,-8.17256293774208e-05,-0.000102980338380096,0.000156128494187428,-0.000210077360128763,-9.41390188582467e-05,0.00028860069877718,-0.000122537342260144,0.000341198240380159
2.87428705872482e-05,0.000169263662864869,6.92756536898067e-06,1.72243806369715e-05,-2.79865362028757e-06,-0.000524105776972682,2.33838822220566e-05,0.000240328068342737,5.43415477577775e-05,0.000165150871379435
6.2540348854119e-05,0.000503183927911953,0.000125022395937721,7.09252673947387e-05,5.77367050286028e-06,-0.000763792178941768,-7.10033567322755e-05,-8.70174447361927e-06,0.000138466095033249,5.36889698417691e-05
-1.17640113775566e-05,0.000593038678425856,0.000140907747356522,0.000269439952833216,-0.00013351073277038,-0.000737720570420022,-9.25084134097359e-05,-6.50323720715811e-05,1.09899658510611e-06,3.79392061538617e-05
4.13208703139734e-05,0.000489655539500257,-0.000122977554799564,0.000141460204477094,-0.000291801511251923,-0.000633633777809012,-0.000216729051459795,-0.000256167399830411,-0.000321870633400207,-5.05748538253125e-05
0.00085332393320669,-0.000852366009649756,-0.000119628816752216,-1.86132254165278e-05,-0.000176344104903905,-0.000182054594864195,-0.000164147057398893,-0.000161694774918823,-0.000179855593616042,-6.84462896219956e-05
8.16523974101149e-05,-0.000120584879830137,-5.79871146905614e-05,1.67877986095435e-05,-6.49193681171866e-05,-6.97837224727561e-05,-1.10166629333534e-05,-3.81081075110651e-05,-5.69002076532517e-06,0.000203314310782215
4.54951613217317e-05,-0.000192301566833868,-1.3582720418647e-05,-2.20242063717675e-05,-2.35331853642156e-05,-2.07851771012531e-05,-7.5910245488306e-06,-5.35464870083126e-06,7.13694632623859e-08,0.000460837727023041
-2.40851382161223e-05,6.44958048573753e-05,6.21826374600739e-06,-2.25748649892324e-05,-5.54756564230767e-07,-2.33975146426081e-06,-1.59383343546261e-05,3.03173868017522e-06,1.67983109020669e-06,0.000110023477047739
7.52024478364827e-07,3.83763975356195e-05,-2.48267523014935e-06,-3.20261790187684e-07,-2.15724140280384e-06,-4.54245563266708e-06,-6.38127458122371e-06,-4.0654120085544e-06,-4.18590877491985e-06,-1.84393751554041e-05
1.10938058083436e-07,-3.5930665029448e-06,1.5985429959249e-07,2.25130530863954e-07,1.95072167317025e-07,4.04623731067234e-07,6.6226840219004e-07,3.12413606628168e-07,3.30536057491249e-07,3.75789060400492e-07
0,0,0,0,0,0,0,0,0,0
